["Median Household Size", "Median Household Income", "Number of Occupied Housing Units", "Number of Housing Units", "Non-English Speaking Population", "Foreign-Born", "Number of People Below the Poverty Line", "Total Population"]
2.87, 43472, 298, 321, 0, 0, 101, 854, 50001
2.3, 40662, 657, 697, 0, 0, 214, 1551, 50002
2.52, 61349, 2532, 2622, 30, 1, 386, 6530, 50003
3.03, 52622, 254, 290, 3, 0, 57, 769, 50005
2.55, 45714, 660, 795, 31, 0, 150, 1686, 50006
2.77, 85625, 237, 239, 2, 0, 22, 656, 50007
2.25, 38650, 373, 437, 0, 0, 87, 841, 50008
2.56, 63410, 6139, 6314, 87, 0, 786, 15880, 50009
2.2, 47843, 12478, 13134, 75, 0, 5131, 27799, 50010
na, na, 0, 0, 0, 0, 0, 1941, 50011
na, na, 0, 0, 7, 0, 0, 3469, 50012
2.32, 40240, 11484, 12029, 101, 6, 8475, 28657, 50014
2.49, 46691, 661, 746, 0, 0, 88, 1682, 50020
2.42, 73247, 8531, 8913, 84, 0, 826, 20822, 50021
2.18, 37595, 3623, 3937, 44, 0, 1393, 8228, 50022
2.68, 72571, 9678, 10167, 77, 0, 1085, 26288, 50023
2.14, 41719, 1452, 1593, 0, 0, 358, 3205, 50025
1.95, 28864, 282, 315, 12, 0, 141, 549, 50026
2.78, 37188, 147, 160, 0, 0, 88, 408, 50027
2.68, 66250, 630, 702, 0, 0, 79, 1744, 50028
2.12, 55893, 303, 329, 0, 0, 26, 662, 50029
1.83, 31098, 290, 290, 36, 0, 164, 530, 50032
1.38, 82500, 8, 11, 0, 0, 2, 11, 50033
2.65, 60000, 164, 171, 0, 0, 9, 434, 50034
2.82, 75281, 1841, 1841, 0, 0, 119, 5200, 50035
2.4, 48884, 6651, 7415, 23, 0, 1692, 16187, 50036
1.98, 41184, 102, 142, 0, 0, 59, 202, 50038
2.49, 76813, 179, 197, 0, 0, 56, 446, 50039
4.08, 80469, 13, 37, 0, 0, 0, 53, 50041
2.57, 34914, 148, 204, 0, 0, 56, 381, 50042
2.79, 46890, 382, 390, 3, 0, 74, 1066, 50044
2.81, 68333, 568, 607, 0, 0, 77, 1594, 50046
2.62, 61756, 1937, 2006, 0, 0, 269, 5155, 50047
2.2, 43583, 413, 446, 0, 0, 63, 908, 50048
2.4, 40462, 2660, 3012, 44, 0, 1231, 6586, 50049
2.07, 45333, 288, 348, 2, 0, 60, 595, 50050
2.27, 65375, 145, 187, 0, 0, 19, 329, 50051
2.09, 35729, 99, 114, 0, 0, 25, 207, 50052
2.79, 51063, 1360, 1427, 62, 0, 445, 3859, 50054
2.49, 54118, 348, 390, 0, 0, 92, 867, 50055
2.64, 57500, 548, 576, 3, 0, 97, 1445, 50056
3.37, 50329, 93, 93, 0, 0, 0, 313, 50057
2.26, 47500, 828, 934, 6, 0, 189, 1912, 50058
2.32, 38512, 1034, 1226, 0, 0, 365, 2501, 50060
2.66, 110893, 645, 651, 8, 0, 21, 1741, 50061
2.51, 49375, 281, 293, 0, 0, 58, 704, 50062
2.68, 70333, 1022, 1046, 0, 0, 176, 2789, 50063
2.43, 36667, 40, 46, 0, 0, 32, 97, 50064
2.47, 55399, 245, 372, 0, 0, 80, 615, 50065
2.35, 42500, 92, 104, 21, 0, 48, 216, 50066
2.59, 29583, 165, 184, 0, 0, 101, 427, 50067
2.86, 44728, 161, 194, 0, 0, 50, 462, 50068
2.6, 49000, 412, 428, 0, 0, 82, 1071, 50069
2.26, 60500, 620, 747, 0, 0, 32, 1403, 50070
2.09, 41250, 426, 500, 60, 0, 52, 909, 50071
2.63, 66307, 1059, 1185, 8, 0, 167, 2795, 50072
2.7, 59375, 344, 356, 10, 0, 42, 930, 50073
2.03, 68750, 156, 542, 0, 0, 23, 317, 50074
2.82, 57727, 340, 364, 0, 0, 31, 960, 50075
2.25, 39974, 637, 713, 3, 0, 95, 1485, 50076
1.98, 44167, 60, 60, 0, 0, 0, 119, 50078
3.17, 36667, 12, 12, 0, 0, 0, 38, 50101
2.24, 33750, 34, 34, 0, 0, 0, 76, 50102
2.37, 54167, 254, 333, 0, 0, 40, 603, 50103
2.26, 43750, 61, 67, 0, 0, 27, 138, 50104
2.64, 73102, 445, 458, 3, 0, 106, 1177, 50105
2.47, 47188, 359, 430, 0, 0, 76, 886, 50106
2.44, 46875, 419, 469, 0, 0, 204, 1024, 50107
2.41, 32396, 244, 290, 0, 0, 71, 589, 50108
2.78, 83942, 1049, 1146, 39, 0, 161, 2957, 50109
2.71, 75000, 3456, 3705, 21, 0, 438, 9353, 50111
2.2, 51854, 4605, 4995, 77, 0, 1394, 11659, 50112
2.33, 44135, 1096, 1328, 4, 13, 243, 2657, 50115
2.45, 45313, 77, 100, 0, 0, 8, 189, 50116
2.83, 70167, 84, 84, 17, 0, 11, 238, 50117
2.24, 57434, 402, 433, 0, 0, 42, 900, 50118
2.3, 46250, 204, 210, 0, 0, 29, 469, 50119
2.35, 59038, 92, 135, 0, 0, 22, 216, 50120
2.59, 55208, 544, 613, 3, 0, 44, 1460, 50122
2.14, 35156, 342, 382, 0, 0, 83, 732, 50123
2.75, 66349, 1311, 1408, 0, 0, 223, 3604, 50124
2.49, 59471, 7238, 7618, 30, 0, 1660, 19490, 50125
2.18, 44094, 2997, 3304, 77, 0, 434, 6883, 50126
na, na, 9, 9, 0, 0, 0, 9, 50127
2.37, 47222, 174, 196, 19, 0, 14, 413, 50128
2.19, 45833, 2384, 2583, 108, 0, 488, 5402, 50129
2.54, 49792, 612, 691, 14, 0, 110, 1565, 50130
2.76, 93186, 5865, 6214, 86, 0, 809, 16418, 50131
2.4, 42981, 157, 175, 3, 0, 14, 377, 50132
2.89, 37000, 190, 227, 4, 0, 47, 549, 50133
2.28, 58500, 268, 274, 0, 0, 49, 612, 50134
2.29, 52292, 747, 839, 0, 0, 164, 1712, 50135
2.52, 55865, 169, 180, 0, 0, 28, 426, 50136
2.43, 49529, 4684, 5211, 90, 0, 1444, 11710, 50138
2.43, 43796, 538, 599, 3, 0, 134, 1305, 50139
2.55, 35642, 941, 1103, 18, 0, 390, 3111, 50140
2.51, 52750, 237, 273, 13, 0, 45, 595, 50141
2.53, 46923, 376, 402, 5, 0, 93, 950, 50142
2.93, 61000, 242, 280, 0, 0, 61, 710, 50143
2.17, 26175, 1137, 1235, 3, 0, 589, 2541, 50144
2.47, 75938, 163, 186, 6, 0, 0, 403, 50146
2.36, 39219, 163, 219, 3, 0, 89, 384, 50147
2.09, 37604, 183, 188, 6, 0, 55, 383, 50148
2.27, 44226, 335, 462, 0, 0, 137, 759, 50149
2.37, 44615, 438, 491, 0, 0, 128, 1040, 50150
2.36, 58750, 362, 398, 0, 0, 67, 853, 50151
2.47, 70536, 303, 313, 0, 0, 29, 749, 50153
2.52, 63036, 217, 229, 1, 0, 31, 546, 50154
2.14, 52813, 97, 117, 0, 0, 13, 208, 50155
2.47, 52596, 1692, 1823, 24, 0, 329, 4302, 50156
2.07, 52500, 298, 330, 12, 0, 42, 618, 50157
2.52, 46316, 12061, 13039, 2689, 6, 4554, 31427, 50158
2.35, 52500, 190, 195, 0, 0, 21, 446, 50160
2.28, 56944, 862, 912, 3, 0, 130, 1968, 50161
2.52, 56722, 502, 527, 0, 0, 53, 1265, 50162
2.24, 42885, 394, 528, 0, 0, 80, 888, 50163
2.34, 56121, 282, 292, 0, 0, 33, 660, 50164
3.5, 86250, 24, 28, 0, 0, 17, 84, 50165
2.74, 64143, 632, 682, 0, 0, 76, 1733, 50166
2.34, 54107, 220, 266, 0, 0, 5, 514, 50167
2.59, 60688, 295, 341, 0, 0, 82, 764, 50168
2.57, 75938, 1105, 1206, 0, 0, 275, 3492, 50169
2.49, 55313, 1139, 1194, 0, 0, 178, 2837, 50170
2.41, 62108, 1181, 1603, 33, 0, 223, 2969, 50171
2.36, 65294, 304, 318, 3, 0, 37, 716, 50173
2.71, 42778, 516, 596, 0, 0, 199, 1399, 50174
2.35, 55056, 3304, 3519, 95, 0, 505, 7998, 50201
2.44, 65147, 158, 173, 3, 0, 50, 385, 50206
2.61, 54855, 887, 960, 0, 0, 290, 2357, 50207
2.23, 45189, 8380, 9198, 69, 15, 2617, 20475, 50208
2.41, 66667, 716, 787, 4, 0, 70, 1725, 50210
2.64, 71014, 4062, 4275, 16, 0, 447, 10859, 50211
2.52, 58781, 1421, 1532, 18, 0, 134, 3615, 50212
2.57, 45547, 2582, 3035, 484, 0, 768, 6811, 50213
2.54, 83942, 247, 264, 0, 0, 0, 627, 50214
2.42, 66000, 1144, 1614, 0, 2, 108, 2835, 50216
2.19, 41771, 345, 399, 3, 0, 93, 757, 50217
1.83, 30833, 46, 46, 0, 0, 0, 84, 50218
2.6, 67897, 4819, 5330, 44, 0, 791, 14110, 50219
2.74, 43408, 3177, 3728, 1586, 2, 1319, 8858, 50220
2.49, 54821, 281, 286, 0, 0, 75, 701, 50222
2.18, 46518, 221, 228, 0, 0, 76, 482, 50223
2.61, 53785, 1153, 1253, 0, 0, 317, 3043, 50225
2.89, 106009, 1642, 1713, 22, 0, 48, 4801, 50226
3, 78333, 4, 6, 0, 0, 0, 12, 50227
2.38, 48065, 732, 893, 0, 0, 154, 1835, 50228
2.71, 84485, 321, 367, 0, 0, 12, 871, 50229
2.65, 54483, 426, 479, 3, 0, 218, 1130, 50230
2.47, 61750, 68, 75, 0, 0, 2, 168, 50231
2.8, 60069, 179, 217, 0, 0, 97, 502, 50232
2.47, 45156, 537, 608, 0, 0, 262, 1328, 50233
2.04, 37321, 243, 261, 0, 0, 57, 495, 50234
2.48, 29583, 199, 202, 4, 0, 155, 494, 50235
2.6, 61944, 570, 600, 0, 0, 139, 1484, 50236
2.8, 71875, 996, 1013, 0, 0, 50, 2790, 50237
2.39, 51250, 381, 534, 1, 0, 161, 912, 50238
2.87, 60625, 75, 91, 0, 0, 9, 215, 50239
2.74, 65417, 1023, 1072, 18, 0, 270, 2801, 50240
2.77, 53438, 163, 180, 0, 0, 32, 452, 50242
2.13, 41250, 97, 105, 0, 0, 6, 207, 50243
2.73, 66250, 733, 788, 6, 0, 82, 2001, 50244
2.02, 53438, 350, 354, 10, 0, 72, 707, 50246
2.7, 57241, 805, 868, 39, 0, 235, 2243, 50247
2.26, 55785, 1930, 2041, 63, 0, 199, 4540, 50248
2.23, 41844, 533, 597, 3, 0, 74, 1229, 50249
2.24, 48665, 1101, 1237, 4, 0, 392, 2530, 50250
2.51, 55985, 478, 506, 2, 0, 18, 1202, 50251
3.35, 31765, 48, 85, 1, 0, 4, 161, 50252
2.67, 51563, 181, 207, 0, 0, 93, 483, 50254
2.38, 43500, 16, 16, 0, 0, 0, 38, 50255
2.42, 53214, 282, 307, 0, 0, 56, 682, 50256
2.97, 62857, 310, 339, 1, 0, 39, 924, 50257
2.7, 48750, 394, 455, 11, 0, 47, 1064, 50258
2.91, 89028, 823, 877, 6, 0, 64, 2396, 50261
2.52, 30962, 152, 191, 1, 0, 112, 383, 50262
2.65, 78908, 5735, 5994, 90, 0, 742, 15205, 50263
2.43, 37188, 141, 206, 4, 0, 46, 342, 50264
2.44, 66517, 12726, 13880, 764, 0, 1714, 31290, 50265
2.26, 68795, 10327, 11128, 384, 0, 1769, 23405, 50266
2.42, 43056, 452, 507, 2, 0, 213, 1094, 50268
2.61, 45625, 318, 374, 7, 0, 88, 829, 50271
1.88, 35893, 77, 114, 0, 0, 35, 145, 50272
2.62, 49782, 2994, 3389, 78, 0, 943, 8089, 50273
1.96, 40250, 166, 209, 0, 0, 12, 325, 50274
2.51, 42500, 224, 255, 0, 0, 107, 562, 50275
2.39, 57900, 904, 961, 0, 0, 260, 2621, 50276
1.96, 49688, 194, 206, 0, 0, 21, 381, 50277
2.38, 54696, 391, 422, 0, 0, 48, 960, 50278
1.54, 30864, 2945, 3417, 352, 33, 1415, 5508, 50309
2.27, 54891, 12903, 13889, 785, 0, 3258, 29655, 50310
2.31, 42834, 5699, 6289, 394, 0, 2876, 15269, 50311
1.99, 49285, 7641, 8156, 189, 0, 1811, 15531, 50312
2.56, 50762, 6724, 7242, 734, 0, 2599, 17460, 50313
2.6, 30827, 4258, 4992, 1455, 3, 3232, 11729, 50314
2.43, 41501, 14814, 15653, 1185, 0, 6207, 36600, 50315
2.69, 33175, 5957, 6627, 1523, 9, 3784, 16601, 50316
2.47, 46600, 14246, 15316, 808, 0, 5041, 35487, 50317
na, na, 0, 0, 0, 0, 0, 0, 50319
2.74, 52697, 7267, 7844, 1455, 0, 2954, 19930, 50320
2.33, 55711, 3304, 3620, 30, 0, 698, 8040, 50321
2.37, 70377, 12949, 13606, 250, 0, 1218, 30879, 50322
2.9, 131398, 3420, 3836, 17, 0, 390, 9917, 50323
2.2, 66997, 2191, 2358, 39, 0, 273, 4854, 50324
2.72, 101759, 5603, 5848, 703, 0, 720, 15237, 50325
2.61, 74430, 3843, 4049, 104, 0, 545, 10102, 50327
2.12, 42513, 13539, 14039, 285, 0, 4431, 29542, 50401
2.08, 41250, 129, 154, 0, 0, 46, 268, 50420
2.05, 41898, 1313, 1477, 58, 0, 150, 2747, 50421
2.27, 45172, 1288, 1431, 111, 0, 290, 3035, 50423
2.23, 50893, 711, 777, 32, 0, 113, 1620, 50424
1.96, 49583, 24, 28, 0, 0, 0, 47, 50426
2.15, 52575, 4306, 5552, 26, 0, 1038, 9479, 50428
2.35, 48571, 206, 240, 0, 0, 47, 484, 50430
2.85, 33750, 150, 179, 88, 0, 125, 427, 50431
1.77, 34722, 126, 168, 0, 0, 15, 223, 50432
2.19, 56250, 107, 140, 0, 0, 8, 236, 50433
2.17, 41838, 197, 197, 10, 0, 6, 427, 50434
2.79, 58333, 222, 242, 0, 0, 38, 619, 50435
2.25, 45932, 2310, 2644, 45, 0, 502, 5568, 50436
2.54, 62164, 1604, 1688, 0, 0, 306, 4151, 50438
1.94, 55096, 109, 178, 15, 0, 23, 212, 50439
2.09, 53125, 210, 224, 2, 0, 3, 439, 50440
2.4, 45413, 2416, 2851, 277, 0, 789, 5910, 50441
2.41, 49868, 180, 220, 5, 0, 149, 433, 50444
2.48, 51250, 229, 269, 5, 0, 52, 567, 50446
2.33, 36154, 550, 620, 12, 0, 253, 1314, 50447
2.18, 56406, 270, 293, 2, 0, 28, 588, 50448
2.52, 59722, 384, 403, 0, 0, 150, 966, 50449
2.1, 43423, 1273, 1409, 19, 0, 216, 2722, 50450
2.13, 54464, 223, 233, 2, 0, 23, 474, 50451
2.71, 52361, 361, 408, 45, 0, 97, 978, 50452
2.37, 54792, 283, 295, 35, 0, 22, 670, 50453
3.04, 47589, 45, 45, 0, 0, 0, 137, 50454
2.53, 49286, 150, 188, 0, 0, 67, 379, 50455
2.39, 50324, 705, 769, 2, 0, 176, 1716, 50456
2.62, 43478, 216, 216, 0, 0, 95, 565, 50457
2.23, 51023, 906, 999, 0, 0, 226, 2089, 50458
2.22, 49318, 1344, 1442, 15, 0, 407, 3057, 50459
2.17, 46845, 83, 134, 0, 0, 8, 180, 50460
2.35, 45750, 2368, 2620, 6, 0, 379, 5690, 50461
2.5, 52500, 320, 346, 0, 0, 66, 800, 50464
2.16, 55417, 68, 87, 0, 0, 6, 147, 50465
2.56, 46726, 731, 774, 0, 0, 140, 1913, 50466
2.54, 62500, 26, 26, 0, 0, 0, 66, 50467
2.48, 50227, 642, 695, 0, 0, 141, 1589, 50468
2.28, 53780, 662, 706, 6, 0, 51, 1550, 50469
2.45, 48854, 119, 159, 3, 0, 59, 291, 50470
2.29, 60938, 286, 291, 5, 0, 22, 655, 50471
2.5, 58421, 1022, 1094, 4, 0, 159, 2625, 50472
2.3, 65833, 86, 104, 0, 0, 14, 198, 50473
2.67, 54167, 596, 635, 0, 0, 137, 1634, 50475
2.47, 50625, 311, 352, 2, 0, 52, 795, 50476
2.19, 46181, 145, 159, 0, 0, 13, 318, 50477
2.46, 42750, 415, 434, 4, 0, 145, 1022, 50478
2.25, 51823, 317, 342, 0, 0, 40, 713, 50479
1.98, 46957, 402, 458, 15, 0, 46, 834, 50480
2.13, 60625, 412, 508, 0, 0, 22, 877, 50482
2.35, 55139, 329, 391, 2, 0, 69, 773, 50483
2.01, 43636, 172, 197, 0, 0, 27, 345, 50484
2.27, 40857, 12056, 12919, 311, 0, 4267, 28918, 50501
2.25, 54457, 462, 544, 0, 0, 92, 1073, 50510
2.2, 48734, 3157, 3407, 11, 0, 681, 7161, 50511
2.39, 52024, 594, 649, 0, 0, 80, 1459, 50514
2.17, 24219, 103, 135, 0, 0, 23, 224, 50515
2.38, 53036, 241, 313, 0, 0, 11, 573, 50516
2.37, 43125, 433, 506, 18, 0, 111, 1071, 50517
2.51, 68333, 190, 198, 0, 0, 0, 476, 50518
2.54, 38750, 228, 266, 25, 4, 93, 579, 50519
2.03, 40417, 71, 73, 0, 0, 11, 144, 50520
1.28, 50625, 53, 64, 0, 0, 0, 68, 50521
2.28, 42794, 340, 409, 0, 0, 95, 823, 50522
2.58, 54750, 260, 318, 0, 0, 79, 671, 50523
2.28, 47212, 213, 235, 3, 0, 38, 486, 50524
2.42, 38649, 1504, 1878, 137, 0, 560, 3715, 50525
2.15, 30208, 109, 114, 0, 0, 1, 234, 50527
2.47, 60556, 192, 226, 5, 0, 7, 475, 50528
2.4, 49375, 335, 368, 9, 0, 78, 805, 50529
2.47, 36731, 534, 557, 0, 0, 176, 1353, 50530
2.46, 60625, 120, 171, 0, 0, 10, 295, 50531
2.32, 44271, 401, 426, 0, 0, 97, 931, 50532
2.57, 44071, 1528, 1833, 284, 0, 557, 4008, 50533
2.35, 51429, 344, 383, 9, 0, 81, 808, 50535
2.23, 48438, 1924, 2123, 24, 0, 514, 4570, 50536
1.81, 43750, 286, 295, 0, 0, 46, 518, 50538
2.5, 55515, 251, 290, 1, 0, 25, 628, 50539
2.27, 46217, 437, 489, 6, 0, 85, 1020, 50540
1.96, 41705, 401, 499, 0, 0, 68, 786, 50541
2.26, 50000, 448, 514, 0, 0, 47, 1011, 50542
2.59, 50455, 630, 670, 5, 0, 325, 1671, 50543
2.65, 46667, 230, 264, 0, 0, 47, 609, 50544
3.05, 47434, 84, 84, 0, 0, 7, 256, 50545
2.69, 52279, 177, 192, 0, 0, 132, 476, 50546
2.4, 52755, 2419, 2630, 75, 0, 475, 5970, 50548
2.15, 51607, 33, 42, 0, 0, 0, 71, 50551
2.09, 37083, 791, 933, 6, 0, 287, 1681, 50554
2.08, 46094, 136, 181, 1, 0, 15, 283, 50556
1.83, 35962, 386, 432, 0, 0, 65, 706, 50557
2.21, 42000, 308, 330, 0, 0, 87, 681, 50558
2.22, 44167, 150, 169, 0, 0, 29, 333, 50559
2.23, 51458, 251, 335, 0, 0, 49, 560, 50560
2.01, 42273, 270, 315, 0, 0, 20, 544, 50561
2.1, 37721, 245, 259, 3, 0, 50, 514, 50562
2.15, 48021, 1127, 1292, 0, 0, 282, 2460, 50563
2.43, 40417, 211, 241, 2, 0, 74, 513, 50565
2.12, 39688, 149, 155, 0, 0, 16, 316, 50566
2.5, 71591, 84, 84, 9, 0, 35, 210, 50567
2.37, 45385, 550, 583, 2, 0, 101, 1346, 50568
2.56, 39125, 359, 368, 8, 0, 87, 918, 50569
2.44, 81250, 82, 90, 0, 0, 8, 200, 50570
2.1, 41250, 168, 226, 8, 0, 50, 353, 50571
3.04, 58750, 26, 32, 0, 0, 0, 79, 50573
1.95, 40169, 1105, 1153, 0, 0, 208, 2240, 50574
2.23, 42875, 421, 522, 42, 0, 135, 986, 50575
2, 39219, 207, 234, 40, 0, 75, 413, 50576
1.66, 37639, 201, 225, 8, 0, 22, 334, 50577
2.25, 50000, 312, 381, 0, 0, 44, 702, 50578
2.32, 46932, 1008, 1156, 0, 0, 280, 2839, 50579
2.51, 38854, 361, 451, 5, 0, 83, 938, 50581
1.74, 33182, 110, 129, 0, 0, 18, 191, 50582
2.12, 39977, 1179, 1475, 0, 0, 174, 2614, 50583
2.29, 36679, 429, 502, 24, 0, 103, 1005, 50585
2.11, 59667, 92, 114, 0, 0, 24, 194, 50586
2.55, 45682, 4500, 4803, 2119, 0, 1425, 12553, 50588
2.03, 37946, 405, 456, 2, 0, 97, 824, 50590
2.39, 55813, 125, 135, 0, 0, 26, 299, 50591
2.74, 41250, 19, 54, 0, 0, 2, 52, 50593
2.66, 57667, 116, 126, 19, 0, 17, 309, 50594
2.31, 44265, 3870, 4263, 170, 85, 800, 9046, 50595
2.47, 49079, 486, 550, 11, 0, 92, 1245, 50597
2.45, 61029, 438, 472, 3, 0, 20, 1071, 50598
2.94, 48676, 192, 218, 0, 0, 13, 565, 50599
2.44, 49844, 1008, 1122, 77, 0, 220, 2517, 50601
2.32, 42100, 690, 755, 10, 0, 256, 1684, 50602
2.73, 46042, 245, 272, 2, 0, 58, 668, 50603
2.31, 47188, 703, 780, 0, 0, 234, 1675, 50604
2.16, 31250, 68, 68, 0, 0, 8, 147, 50605
2.5, 40250, 422, 467, 70, 0, 149, 1057, 50606
2.6, 48417, 218, 229, 0, 0, 181, 566, 50607
2.42, 52361, 197, 231, 0, 0, 24, 476, 50609
2.59, 62344, 133, 170, 0, 0, 34, 345, 50611
2.62, 70375, 145, 165, 0, 0, 0, 380, 50612
2.41, 49222, 15139, 15998, 50, 0, 7155, 41382, 50613
2.26, 39075, 4473, 4820, 71, 0, 1789, 10444, 50616
2.59, 50724, 973, 1038, 0, 0, 157, 2532, 50619
2.36, 38333, 44, 59, 0, 0, 55, 104, 50620
2.48, 52159, 619, 708, 0, 0, 39, 1567, 50621
2.39, 67208, 1225, 1245, 10, 0, 130, 2959, 50622
2.9, 71328, 685, 721, 0, 0, 51, 1985, 50624
2.42, 41219, 455, 530, 11, 0, 244, 1132, 50625
2.62, 59479, 634, 681, 0, 0, 85, 1664, 50626
2.35, 50824, 1330, 1668, 15, 0, 385, 3525, 50627
2.47, 45299, 581, 617, 11, 0, 261, 1487, 50628
2.79, 65761, 860, 967, 0, 0, 185, 2403, 50629
2.24, 45202, 851, 896, 8, 0, 169, 1922, 50630
2.67, 53487, 428, 490, 0, 0, 76, 1143, 50632
2.73, 47443, 143, 177, 0, 0, 48, 391, 50633
2.1, 39063, 339, 349, 0, 0, 47, 713, 50634
2.4, 58208, 743, 848, 11, 0, 71, 1828, 50635
2.36, 50313, 803, 963, 0, 0, 220, 1920, 50636
2.24, 52113, 1364, 1487, 15, 0, 242, 3135, 50638
2.83, 40885, 665, 736, 0, 0, 260, 1883, 50641
2.72, 58250, 241, 249, 0, 0, 36, 656, 50642
2.48, 67684, 1105, 1143, 21, 0, 56, 2736, 50643
2.32, 54944, 3460, 3786, 4, 0, 897, 8321, 50644
2.39, 43333, 438, 503, 0, 0, 131, 1047, 50645
2.44, 56389, 834, 862, 0, 0, 115, 2039, 50647
2.67, 57586, 1600, 1695, 7, 0, 266, 4282, 50648
2.49, 43000, 276, 360, 0, 0, 110, 688, 50650
2.51, 54578, 1505, 1635, 29, 0, 155, 3817, 50651
2.57, 41250, 53, 64, 0, 0, 18, 136, 50652
2.54, 56250, 268, 300, 0, 0, 28, 682, 50653
2.37, 42321, 219, 221, 0, 0, 44, 520, 50654
2.53, 44813, 329, 389, 0, 0, 58, 833, 50655
2.33, 41250, 1131, 1189, 6, 0, 339, 2634, 50658
2.25, 41455, 2434, 2538, 93, 57, 381, 5673, 50659
2.59, 60250, 536, 590, 0, 0, 55, 1386, 50660
2.24, 38538, 3169, 3550, 0, 0, 929, 7259, 50662
4.6, na, 10, 10, 0, 0, 46, 46, 50664
2.43, 51215, 1135, 1236, 21, 0, 225, 2756, 50665
2.49, 60250, 374, 388, 0, 3, 27, 930, 50666
2.63, 56000, 284, 301, 12, 0, 18, 746, 50667
2.68, 61389, 510, 521, 0, 0, 59, 1366, 50668
2.33, 61151, 1045, 1201, 5, 0, 144, 2469, 50669
2.27, 51125, 743, 773, 0, 0, 172, 1733, 50670
3.49, 58750, 114, 124, 0, 0, 21, 398, 50671
2.5, 61250, 252, 276, 25, 0, 86, 629, 50672
2.97, 54861, 71, 71, 2, 0, 5, 211, 50673
2.16, 50417, 1572, 1692, 1, 0, 214, 3460, 50674
2.39, 51000, 1058, 1105, 10, 0, 226, 2606, 50675
2.53, 56333, 898, 964, 5, 0, 210, 2302, 50676
2.46, 59690, 4305, 4552, 69, 12, 1057, 11954, 50677
2.21, 54464, 491, 513, 0, 0, 75, 1083, 50680
2.73, 49938, 193, 203, 0, 0, 26, 526, 50681
2.63, 63177, 674, 688, 0, 0, 135, 1775, 50682
2.26, 45759, 13095, 13984, 98, 0, 4303, 29924, 50701
2.27, 40401, 8511, 9084, 429, 7, 3171, 19680, 50702
2.48, 32173, 7740, 8743, 465, 0, 4727, 19896, 50703
2.56, 41963, 3342, 3453, 265, 0, 1580, 8551, 50707
2.23, 37566, 4048, 4425, 3, 0, 1697, 9276, 50801
2.43, 46488, 707, 764, 10, 0, 172, 1780, 50830
2.4, 44531, 961, 1091, 0, 15, 314, 2353, 50833
2.33, 37955, 36, 40, 0, 0, 10, 84, 50835
2.84, 40250, 122, 159, 0, 0, 28, 347, 50836
1.81, 43438, 167, 213, 0, 0, 28, 306, 50837
1.31, 37083, 13, 39, 0, 0, 0, 17, 50839
2.28, 40000, 232, 263, 7, 0, 104, 562, 50840
2.27, 42957, 1281, 1435, 22, 0, 290, 3037, 50841
2.07, 45000, 30, 35, 0, 0, 1, 62, 50842
2.41, 41250, 246, 268, 0, 0, 118, 593, 50843
2.92, 45588, 320, 358, 3, 0, 80, 948, 50845
2.25, 51484, 466, 544, 14, 0, 43, 1082, 50846
2.09, 37500, 22, 27, 0, 0, 4, 46, 50847
1.94, 40000, 140, 180, 7, 0, 47, 271, 50848
2.25, 46484, 1203, 1338, 13, 0, 325, 2731, 50849
2.22, 39974, 809, 939, 76, 0, 234, 1861, 50851
2.4, 50288, 305, 349, 0, 0, 86, 731, 50853
2.14, 45833, 980, 1075, 9, 3, 237, 2199, 50854
2.5, 49821, 107, 125, 0, 6, 62, 268, 50857
2.31, 50288, 317, 390, 2, 0, 81, 731, 50858
2.34, 48365, 247, 282, 0, 0, 67, 579, 50859
2.86, 37083, 177, 190, 0, 0, 198, 507, 50860
2.65, 55547, 139, 141, 0, 0, 10, 369, 50861
2.25, 31667, 72, 83, 0, 0, 50, 162, 50862
2.71, 53813, 119, 152, 2, 0, 18, 323, 50863
2.33, 39076, 995, 1089, 9, 0, 329, 2368, 50864
2.52, 51719, 929, 1050, 13, 0, 219, 2348, 51001
2.41, 51488, 1128, 1173, 138, 0, 165, 2728, 51002
2.69, 59531, 645, 677, 34, 0, 163, 1734, 51003
2.25, 45164, 557, 618, 13, 0, 94, 1253, 51004
2.53, 51875, 618, 650, 17, 0, 170, 1603, 51005
2.21, 37578, 503, 520, 0, 0, 192, 1146, 51006
2.63, 59219, 261, 268, 0, 0, 18, 687, 51007
2.17, 47188, 35, 40, 0, 0, 3, 76, 51008
3.12, 54028, 91, 96, 0, 0, 49, 284, 51009
1.72, 28750, 194, 245, 0, 0, 44, 333, 51010
2.26, 16771, 27, 34, 12, 0, 10, 61, 51011
2.01, 39345, 3112, 3299, 41, 0, 185, 6568, 51012
1.95, 57188, 239, 274, 0, 0, 15, 467, 51014
2.61, 40380, 590, 633, 10, 0, 438, 1572, 51016
1.76, 33750, 189, 220, 0, 0, 66, 333, 51018
2.5, 57578, 351, 372, 0, 0, 65, 876, 51019
2.37, 47500, 298, 307, 4, 0, 59, 707, 51020
2.64, 58359, 333, 362, 84, 0, 24, 880, 51022
2.5, 44547, 1241, 1390, 317, 0, 331, 3166, 51023
2.68, 67419, 678, 784, 8, 0, 37, 1815, 51024
2.22, 54063, 822, 916, 0, 0, 126, 1869, 51025
2.32, 48438, 303, 340, 1, 0, 47, 706, 51026
2.85, 54318, 524, 595, 17, 0, 104, 1491, 51027
2.45, 51827, 895, 931, 6, 0, 103, 2229, 51028
2.59, 65962, 104, 108, 0, 0, 20, 269, 51029
2.67, 67321, 677, 697, 22, 0, 121, 1810, 51030
2.43, 52596, 4818, 5189, 257, 0, 534, 11954, 51031
2.32, 70203, 207, 238, 22, 0, 25, 480, 51033
2.23, 40700, 766, 862, 0, 0, 233, 1763, 51034
2.37, 56417, 692, 750, 2, 0, 58, 1683, 51035
3.09, 48403, 215, 265, 7, 0, 100, 664, 51036
2.02, 37159, 135, 137, 0, 0, 8, 273, 51037
2.68, 64241, 643, 659, 0, 0, 80, 1725, 51038
2.59, 58438, 921, 945, 8, 0, 138, 2389, 51039
2.31, 40473, 1698, 1973, 19, 0, 495, 4023, 51040
2.61, 57583, 2214, 2334, 31, 0, 367, 7033, 51041
2.29, 44167, 100, 148, 0, 0, 16, 229, 51044
2.27, 43986, 740, 827, 3, 0, 223, 1704, 51046
2.44, 49583, 392, 409, 2, 0, 129, 975, 51047
2.39, 40278, 268, 294, 0, 0, 77, 640, 51048
2.2, 43906, 220, 230, 0, 0, 53, 485, 51049
2.5, 59091, 1104, 1135, 0, 0, 140, 2821, 51050
2.53, 46875, 47, 47, 0, 0, 8, 119, 51051
2.59, 63894, 345, 407, 3, 3, 51, 894, 51052
2.55, 45568, 485, 571, 26, 0, 138, 1239, 51053
2.69, 75737, 1784, 1888, 34, 0, 178, 4843, 51054
2.41, 50083, 489, 554, 2, 0, 47, 1179, 51055
2.05, 49188, 227, 241, 0, 0, 6, 465, 51056
2.4, 44063, 435, 474, 0, 0, 108, 1077, 51058
2.07, 32500, 280, 326, 0, 0, 64, 579, 51060
2.42, 45500, 202, 229, 0, 0, 94, 489, 51061
2.64, 66641, 265, 334, 17, 0, 38, 699, 51062
2.34, 40208, 431, 462, 2, 0, 127, 1088, 51063
1.38, 22530, 473, 526, 96, 0, 146, 828, 51101
2.73, 38151, 6282, 6801, 1592, 72, 3956, 17497, 51103
2.54, 49448, 8402, 9072, 984, 0, 2956, 22112, 51104
2.46, 27367, 3592, 3934, 1128, 0, 2694, 8920, 51105
2.51, 50459, 10122, 10636, 656, 0, 2641, 26825, 51106
2.79, 58554, 2123, 2266, 119, 0, 786, 5962, 51108
2.53, 46406, 1229, 1289, 67, 0, 377, 3111, 51109
2.09, 41473, 140, 140, 0, 0, 0, 292, 51111
2.14, 47478, 2725, 2874, 83, 0, 427, 6059, 51201
2.79, 50865, 213, 222, 0, 0, 33, 595, 51230
2.22, 54500, 72, 72, 0, 0, 11, 160, 51231
2.67, 57188, 386, 430, 4, 0, 72, 1036, 51232
2.43, 55278, 444, 470, 30, 0, 52, 1079, 51234
2.69, 48333, 374, 374, 0, 0, 174, 1006, 51235
2.25, 48241, 680, 770, 3, 0, 180, 1560, 51237
2.38, 55000, 486, 498, 9, 0, 48, 1156, 51238
2.95, 63194, 1086, 1115, 81, 0, 162, 3250, 51239
2.51, 48264, 659, 702, 14, 0, 82, 1696, 51240
2.77, 51736, 605, 611, 2, 0, 121, 1680, 51241
3.08, 49844, 73, 105, 0, 0, 13, 225, 51242
2.44, 42361, 349, 378, 0, 0, 59, 853, 51243
2.54, 41250, 24, 24, 0, 0, 0, 61, 51244
2.6, 46731, 580, 712, 5, 0, 245, 1595, 51245
2.63, 51964, 1427, 1659, 0, 0, 178, 3853, 51246
2.4, 44591, 1773, 1837, 71, 0, 448, 4380, 51247
2.18, 41058, 653, 671, 2, 0, 139, 1478, 51248
2.42, 46719, 1405, 1543, 155, 0, 406, 3514, 51249
2.91, 59042, 2540, 2626, 464, 12, 431, 8450, 51250
2.2, 44735, 5565, 6108, 182, 0, 1463, 12490, 51301
1.77, 52083, 546, 1045, 1, 0, 11, 968, 51331
2.42, 47000, 224, 231, 0, 0, 12, 541, 51333
2.3, 43291, 3101, 3459, 358, 11, 960, 7556, 51334
2.38, 48542, 421, 449, 0, 0, 98, 1003, 51338
1.97, 32500, 36, 40, 0, 0, 13, 71, 51341
2.48, 40865, 569, 704, 5, 0, 123, 1423, 51342
2.42, 60000, 92, 104, 0, 0, 43, 223, 51343
2.42, 54327, 187, 203, 6, 0, 17, 453, 51345
2.31, 47137, 999, 1114, 75, 0, 332, 2389, 51346
2.26, 57188, 646, 810, 10, 0, 42, 1495, 51347
2.25, 33750, 202, 246, 0, 0, 16, 454, 51350
2.02, 47697, 2138, 2918, 0, 0, 497, 4365, 51351
2.4, 40156, 453, 500, 7, 0, 48, 1088, 51354
1.59, 53036, 417, 1247, 9, 0, 65, 696, 51355
2.49, 32292, 324, 327, 0, 0, 155, 807, 51357
2.33, 49808, 540, 747, 0, 0, 91, 1298, 51358
2.07, 55088, 4072, 6416, 48, 7, 676, 8592, 51360
2.07, 52639, 91, 98, 0, 0, 20, 188, 51363
2.1, 37188, 295, 334, 2, 0, 100, 620, 51364
2.66, 49205, 121, 137, 5, 0, 17, 464, 51365
2.25, 48750, 205, 238, 0, 0, 47, 462, 51366
2.32, 49893, 5083, 5467, 81, 0, 1108, 12153, 51401
2.79, 54432, 245, 267, 0, 0, 42, 683, 51430
2.17, 47833, 156, 164, 0, 0, 14, 338, 51431
2.33, 48401, 263, 290, 6, 0, 56, 612, 51433
2.68, 59875, 406, 447, 3, 0, 38, 1087, 51436
2.36, 44265, 432, 492, 10, 0, 111, 1021, 51439
2.75, 46094, 147, 180, 0, 0, 9, 404, 51440
2.25, 25000, 142, 165, 34, 0, 105, 320, 51441
2.69, 45381, 3362, 3540, 1591, 0, 1128, 9591, 51442
2.29, 46974, 772, 783, 6, 0, 143, 1772, 51443
2.9, 43929, 40, 40, 0, 0, 2, 116, 51444
2.17, 42311, 1330, 1429, 1, 0, 352, 2946, 51445
2.29, 48571, 266, 286, 2, 0, 26, 609, 51446
1.9, 40000, 88, 111, 0, 0, 9, 167, 51447
2.56, 41563, 250, 283, 37, 0, 141, 641, 51448
2.18, 37066, 873, 975, 5, 0, 249, 2008, 51449
2.07, 40590, 839, 1172, 4, 0, 232, 1766, 51450
2.32, 45000, 44, 75, 0, 0, 20, 102, 51451
2.21, 46118, 297, 325, 3, 0, 74, 657, 51453
2.57, 52813, 551, 640, 14, 0, 84, 1461, 51454
2.35, 40625, 1065, 1144, 14, 0, 375, 2586, 51455
2.3, 52500, 696, 781, 0, 0, 76, 1655, 51458
2.55, 45000, 44, 44, 0, 0, 5, 112, 51459
2.33, 45595, 522, 582, 15, 0, 107, 1215, 51461
2.34, 47750, 455, 517, 0, 0, 107, 1066, 51462
2.41, 50000, 244, 272, 0, 0, 49, 587, 51463
2.55, 48636, 294, 316, 36, 0, 79, 749, 51465
2.15, 41250, 414, 440, 0, 0, 131, 953, 51466
2.14, 53500, 336, 356, 0, 0, 43, 719, 51467
2.49, 39055, 13931, 15254, 1285, 0, 6037, 35076, 51501
2.49, 57449, 14174, 15197, 570, 0, 3948, 36460, 51503
2.77, 47333, 1344, 1433, 181, 0, 406, 3720, 51510
2.98, 29605, 96, 115, 7, 0, 36, 286, 51520
2.23, 54688, 837, 909, 12, 0, 157, 1895, 51521
1.93, 38214, 148, 204, 2, 0, 34, 285, 51523
2.4, 57500, 456, 507, 0, 0, 53, 1096, 51525
2.49, 80400, 696, 720, 0, 0, 75, 1736, 51526
2.59, 41563, 198, 200, 3, 0, 83, 512, 51527
2.45, 36518, 386, 398, 89, 0, 197, 946, 51528
2.44, 49712, 721, 786, 10, 0, 125, 1805, 51529
2.74, 41875, 368, 387, 1, 0, 96, 1050, 51530
2.23, 46538, 348, 416, 0, 0, 25, 858, 51531
2.73, 45109, 210, 224, 0, 0, 68, 573, 51532
2.45, 55714, 398, 420, 0, 0, 95, 975, 51533
2.67, 68388, 3259, 3543, 28, 0, 589, 9219, 51534
2.17, 48894, 773, 816, 0, 0, 86, 1714, 51535
2, 71786, 200, 200, 2, 0, 11, 399, 51536
2.27, 46034, 2811, 3067, 0, 0, 671, 6503, 51537
2.28, 36544, 231, 239, 0, 0, 58, 526, 51540
2.51, 40000, 148, 200, 0, 0, 35, 372, 51541
2.53, 80688, 421, 445, 10, 0, 37, 1066, 51542
2.49, 36696, 161, 177, 0, 0, 37, 401, 51543
2.59, 44938, 364, 371, 4, 0, 103, 941, 51544
2.35, 51944, 200, 267, 0, 0, 135, 470, 51545
2.64, 56823, 1041, 1147, 4, 0, 247, 2808, 51546
2.46, 65300, 146, 146, 0, 0, 27, 359, 51548
2.03, 40714, 186, 199, 0, 0, 17, 377, 51549
2.51, 57500, 82, 82, 0, 0, 12, 206, 51550
2.55, 70913, 693, 733, 7, 0, 141, 1831, 51551
2.43, 54922, 95, 119, 0, 0, 38, 231, 51552
2.93, 67083, 381, 403, 0, 0, 111, 1115, 51553
2.49, 41635, 67, 67, 0, 0, 0, 167, 51554
2.47, 60188, 2069, 2208, 50, 0, 259, 5225, 51555
2.65, 48125, 196, 249, 0, 0, 101, 520, 51556
2.66, 71417, 404, 546, 0, 0, 69, 1074, 51557
2.07, 49088, 267, 306, 0, 0, 40, 553, 51558
2.5, 66458, 690, 767, 0, 0, 153, 1722, 51559
2.43, 51336, 855, 936, 12, 0, 311, 2137, 51560
2.66, 47802, 547, 583, 1, 0, 185, 1454, 51561
2.8, 46442, 201, 226, 0, 0, 62, 562, 51562
2.44, 42153, 217, 235, 0, 0, 50, 535, 51563
2.09, 44583, 233, 283, 0, 0, 87, 486, 51564
2.32, 54306, 251, 251, 0, 0, 57, 583, 51565
2.24, 32835, 3026, 3584, 96, 0, 1107, 6938, 51566
2.61, 47159, 351, 431, 10, 0, 205, 961, 51570
2.36, 78438, 291, 298, 0, 0, 16, 687, 51571
2.28, 43750, 170, 212, 0, 0, 6, 387, 51572
2.46, 57500, 420, 457, 0, 0, 68, 1076, 51573
2.68, 75227, 546, 610, 3, 0, 13, 1463, 51575
2.66, 74978, 729, 783, 8, 0, 80, 1936, 51576
2.61, 54107, 553, 619, 0, 0, 184, 1441, 51577
2.41, 51000, 22, 22, 0, 0, 4, 53, 51578
2.16, 44400, 1028, 1074, 3, 0, 277, 2284, 51579
2.26, 39946, 2601, 2948, 111, 0, 782, 6003, 51601
2.07, 22237, 84, 94, 0, 0, 29, 174, 51630
2.1, 52188, 119, 158, 2, 0, 17, 250, 51631
2.26, 41680, 2488, 2836, 32, 0, 564, 7031, 51632
2.31, 45000, 222, 236, 0, 0, 54, 513, 51636
2.87, 30625, 97, 110, 0, 0, 56, 278, 51637
2.33, 47625, 616, 675, 11, 0, 156, 1434, 51638
2.28, 49167, 464, 477, 0, 0, 73, 1059, 51639
2.31, 44868, 708, 829, 32, 0, 169, 1643, 51640
2.07, 52692, 116, 165, 0, 0, 3, 240, 51645
2.39, 43393, 397, 471, 0, 0, 78, 949, 51646
3.84, 59583, 55, 55, 0, 0, 11, 211, 51647
2.05, 29375, 106, 120, 43, 0, 90, 217, 51648
2.28, 45179, 145, 178, 0, 0, 34, 330, 51649
2.48, 50455, 148, 173, 4, 0, 31, 367, 51650
2.32, 46625, 646, 699, 6, 0, 105, 1626, 51652
2.61, 57250, 563, 608, 0, 0, 134, 1508, 51653
2.34, 68229, 233, 245, 0, 0, 43, 546, 51654
3.15, 60208, 27, 34, 0, 0, 0, 85, 51656
2.28, 41109, 17583, 18751, 199, 0, 5608, 43698, 52001
2.49, 64947, 5671, 5957, 85, 0, 629, 14201, 52002
2.48, 63935, 5358, 5567, 45, 0, 736, 13578, 52003
2.65, 41667, 140, 155, 0, 0, 55, 371, 52030
2.44, 53031, 2309, 2639, 9, 0, 349, 5712, 52031
2.32, 43417, 534, 786, 2, 0, 80, 1238, 52032
2.55, 56689, 1222, 1272, 37, 0, 322, 3176, 52033
2.36, 42039, 384, 446, 0, 0, 72, 908, 52035
2.65, 54875, 510, 552, 12, 0, 41, 1351, 52037
2.32, 57500, 198, 206, 0, 0, 1, 459, 52038
2.49, 58281, 352, 360, 4, 0, 24, 878, 52039
2.42, 45903, 2212, 2247, 0, 0, 388, 5387, 52040
2.88, 56250, 584, 622, 2, 4, 40, 1682, 52041
2.69, 50000, 654, 703, 9, 9, 321, 1823, 52042
2.24, 49875, 1008, 1065, 10, 0, 324, 2338, 52043
2.72, 35938, 105, 112, 0, 0, 53, 288, 52044
2.71, 63580, 868, 879, 0, 0, 161, 2486, 52045
2.99, 64408, 777, 788, 5, 0, 73, 2326, 52046
2.48, 63214, 240, 251, 0, 0, 34, 595, 52047
1.87, 29861, 117, 117, 0, 0, 7, 219, 52048
2.48, 51205, 546, 716, 34, 0, 182, 1414, 52049
2.78, 44494, 219, 226, 0, 0, 91, 609, 52050
2.17, 43068, 1281, 1758, 13, 0, 235, 2888, 52052
2.61, 43571, 378, 382, 0, 0, 168, 985, 52053
2.26, 64350, 355, 378, 0, 0, 68, 803, 52054
2.29, 47637, 3460, 3744, 115, 0, 673, 8073, 52057
2.31, 37500, 3688, 3912, 17, 0, 1070, 8703, 52060
2.41, 54375, 340, 408, 0, 0, 43, 821, 52064
2.26, 50114, 467, 486, 1, 0, 48, 1055, 52065
1.9, 35288, 63, 113, 0, 0, 10, 120, 52066
2.74, 72123, 1426, 1426, 0, 0, 130, 3926, 52068
2.63, 55842, 619, 643, 16, 0, 83, 1633, 52069
2.15, 47688, 483, 577, 2, 0, 57, 1039, 52070
2.05, 36200, 188, 198, 0, 0, 61, 385, 52072
2.75, 52981, 459, 513, 0, 0, 41, 1263, 52073
2.21, 56364, 144, 144, 3, 0, 29, 318, 52074
2.32, 44063, 952, 1082, 13, 0, 163, 2301, 52076
2.51, 31667, 160, 176, 0, 0, 40, 403, 52077
2.74, 59773, 374, 374, 0, 0, 27, 1025, 52078
2.27, 45500, 332, 349, 0, 0, 59, 753, 52079
2.29, 51887, 5048, 5482, 59, 11, 1165, 13938, 52101
2.36, 49917, 782, 892, 7, 0, 204, 1849, 52132
2.6, 51250, 215, 262, 0, 0, 41, 558, 52133
2.41, 63125, 145, 180, 0, 0, 20, 350, 52134
2.48, 37396, 349, 413, 0, 0, 148, 865, 52135
2.31, 45950, 2432, 2589, 27, 0, 557, 5836, 52136
2.07, 39871, 321, 468, 10, 0, 0, 663, 52140
2.48, 39955, 573, 596, 0, 0, 254, 1427, 52141
2.43, 39053, 521, 685, 0, 0, 288, 1765, 52142
2.41, 58125, 467, 482, 0, 0, 156, 1127, 52144
1.9, 47734, 485, 1159, 0, 0, 19, 992, 52146
2.5, 47388, 411, 426, 0, 0, 63, 1028, 52147
2.17, 39545, 928, 1393, 2, 0, 121, 2064, 52151
1.98, 47973, 366, 398, 2, 0, 24, 727, 52154
2.04, 45714, 552, 616, 24, 0, 111, 1125, 52155
2.37, 42083, 328, 328, 27, 0, 219, 776, 52156
2.29, 51510, 799, 933, 7, 0, 281, 1880, 52157
1.8, 42321, 161, 201, 0, 0, 24, 289, 52158
2.44, 47946, 1062, 1112, 2, 0, 318, 2596, 52159
2.47, 50550, 301, 337, 41, 61, 60, 742, 52160
2.56, 58194, 611, 621, 0, 0, 86, 1584, 52161
2.62, 51139, 1255, 1433, 303, 69, 488, 3369, 52162
1.85, 30167, 154, 219, 0, 0, 40, 285, 52163
2.6, 45938, 65, 78, 0, 0, 4, 169, 52164
2.19, 40288, 409, 446, 0, 0, 27, 897, 52165
1.93, 33542, 40, 40, 0, 0, 3, 77, 52166
2.84, 50000, 56, 56, 0, 0, 37, 159, 52168
2.59, 52019, 188, 195, 0, 0, 58, 487, 52169
2.22, 56806, 281, 333, 0, 0, 105, 623, 52170
2.18, 42880, 459, 491, 0, 0, 85, 1002, 52171
2.41, 47105, 2546, 2831, 71, 0, 804, 6351, 52172
2.25, 48125, 1549, 1760, 5, 0, 269, 3657, 52175
2.54, 67569, 438, 498, 24, 0, 144, 1113, 52201
2.63, 53750, 377, 386, 0, 0, 44, 993, 52202
2.42, 60694, 765, 805, 0, 0, 11, 1941, 52203
2.44, 54454, 3131, 3453, 69, 0, 327, 8884, 52205
3, 80625, 821, 875, 9, 0, 23, 2464, 52206
2.18, 43523, 163, 202, 0, 0, 34, 356, 52207
2.01, 36777, 1499, 1577, 66, 0, 309, 3080, 52208
2.4, 51667, 426, 482, 50, 0, 54, 1022, 52209
2.73, 54118, 306, 321, 0, 0, 19, 834, 52210
2.33, 45865, 1206, 1615, 21, 0, 250, 2873, 52211
2.61, 55750, 107, 138, 0, 0, 12, 279, 52212
2.66, 68438, 1584, 1666, 6, 0, 138, 4217, 52213
2.48, 50881, 1285, 1341, 29, 0, 264, 3184, 52214
2.63, 56250, 326, 363, 76, 0, 26, 856, 52215
2.53, 52500, 542, 566, 0, 0, 123, 1402, 52216
2.55, 35000, 218, 225, 5, 0, 80, 555, 52217
2.56, 64750, 688, 851, 0, 0, 96, 1760, 52218
2.59, 48333, 80, 86, 0, 0, 11, 207, 52219
3.03, 67054, 59, 59, 0, 0, 0, 179, 52220
2.27, 42321, 81, 98, 0, 0, 13, 184, 52221
2.31, 55223, 249, 258, 0, 0, 31, 576, 52222
2.24, 57500, 680, 986, 7, 0, 19, 1574, 52223
2.77, 52500, 880, 978, 0, 0, 125, 2476, 52224
2.58, 43125, 125, 168, 0, 0, 11, 322, 52225
2.96, 84760, 891, 965, 0, 0, 51, 2639, 52227
2.6, 77381, 978, 991, 9, 0, 67, 2547, 52228
2.51, 57153, 285, 333, 0, 0, 65, 715, 52229
2.16, 39554, 131, 151, 0, 0, 17, 283, 52231
1.52, 21500, 92, 92, 0, 0, 2, 140, 52232
2.23, 51235, 3097, 3192, 52, 0, 743, 6998, 52233
2.61, 63750, 260, 284, 3, 0, 104, 720, 52235
2.55, 62500, 270, 284, 0, 0, 51, 688, 52236
2.62, 48333, 540, 561, 0, 0, 216, 1417, 52237
2.36, 43965, 13419, 14415, 867, 0, 9013, 32113, 52240
2.33, 53273, 7588, 8422, 479, 0, 1968, 18566, 52241
na, na, 0, 0, 27, 0, 0, 1767, 52242
2.24, 54221, 8106, 8601, 91, 0, 3985, 22164, 52245
2.18, 41631, 9295, 9978, 131, 0, 4948, 21300, 52246
2.61, 50211, 2030, 2051, 13, 0, 575, 5390, 52247
2.54, 58583, 735, 760, 6, 0, 145, 1913, 52248
2.54, 67273, 368, 379, 0, 0, 87, 970, 52249
2.39, 55625, 219, 244, 0, 0, 79, 523, 52251
2.49, 59643, 1212, 1239, 4, 0, 222, 3016, 52253
2.27, 42991, 361, 410, 9, 0, 118, 819, 52254
2.09, 45625, 478, 532, 4, 0, 53, 999, 52255
2.09, 33333, 68, 72, 0, 0, 25, 142, 52257
2.3, 46424, 1577, 1755, 14, 0, 545, 3743, 52301
2.41, 60370, 14922, 15627, 258, 0, 2180, 36517, 52302
2.4, 58696, 234, 252, 0, 0, 47, 562, 52305
2.54, 61510, 755, 825, 4, 0, 165, 1964, 52306
2.88, 64018, 51, 114, 0, 0, 0, 147, 52307
2.18, 31389, 78, 78, 0, 0, 29, 170, 52308
2.28, 45938, 185, 214, 0, 0, 49, 421, 52309
2.2, 44459, 2766, 2923, 6, 0, 613, 6249, 52310
2.94, 38750, 51, 62, 0, 0, 4, 150, 52312
2.1, 51786, 184, 192, 0, 0, 18, 387, 52313
2.53, 73250, 1952, 2011, 8, 0, 369, 5869, 52314
2.38, 47452, 387, 428, 0, 0, 7, 921, 52315
2.34, 44526, 685, 729, 21, 0, 162, 1655, 52316
2.27, 64119, 6118, 6368, 32, 0, 692, 13882, 52317
2.54, 58493, 467, 467, 0, 0, 68, 1188, 52318
2.2, 48274, 491, 600, 0, 0, 82, 1078, 52320
2.77, 44716, 223, 230, 0, 0, 22, 618, 52321
2.73, 64605, 980, 1061, 3, 0, 169, 2681, 52322
2.62, 51350, 455, 515, 7, 0, 180, 1193, 52323
2.77, 85250, 610, 645, 3, 0, 25, 1689, 52324
2.81, 60714, 354, 397, 0, 0, 51, 996, 52325
2.32, 41053, 210, 229, 3, 0, 21, 487, 52326
2.71, 80208, 1333, 1428, 0, 0, 260, 3619, 52327
3.11, 106964, 841, 863, 22, 0, 95, 2619, 52328
2.78, 60313, 268, 268, 0, 0, 33, 744, 52329
2.67, 48304, 281, 338, 0, 0, 183, 750, 52330
2.32, 67550, 811, 880, 12, 0, 104, 1899, 52332
2.48, 74839, 2348, 2474, 24, 0, 167, 5883, 52333
2.84, 68438, 79, 86, 0, 0, 0, 224, 52334
2.1, 51625, 283, 301, 2, 0, 54, 594, 52335
2.55, 60769, 890, 914, 7, 0, 72, 2273, 52336
2.4, 50844, 399, 417, 4, 0, 66, 959, 52337
2.7, 101250, 1134, 1178, 5, 0, 79, 3067, 52338
2.65, 39136, 1699, 1852, 257, 0, 893, 4561, 52339
2.45, 58333, 940, 1038, 4, 0, 9, 2301, 52340
3.03, 79063, 412, 432, 0, 0, 64, 1248, 52341
2.14, 37861, 1265, 1347, 17, 0, 400, 2992, 52342
2.72, 68594, 543, 567, 17, 0, 98, 1478, 52345
2.28, 55962, 418, 473, 0, 0, 73, 957, 52346
2.2, 52279, 607, 631, 0, 0, 73, 1336, 52347
2.24, 46875, 25, 30, 0, 0, 6, 56, 52348
2.51, 48665, 3018, 3365, 73, 0, 804, 7746, 52349
3.36, 96667, 474, 492, 0, 0, 13, 1595, 52351
2.73, 67564, 702, 829, 2, 0, 188, 1929, 52352
2.31, 49189, 3747, 3946, 366, 0, 1091, 8885, 52353
3.39, 106172, 95, 118, 0, 0, 0, 322, 52354
2.25, 54643, 118, 123, 5, 0, 10, 266, 52355
2.54, 50833, 1142, 1257, 3, 0, 301, 2961, 52356
2.44, 66500, 1420, 1426, 13, 0, 102, 3545, 52358
2.17, 66364, 144, 151, 0, 0, 8, 313, 52359
2.37, 67865, 1846, 1923, 19, 0, 392, 4470, 52361
1.98, 36161, 385, 470, 0, 0, 46, 763, 52362
1.94, 24507, 904, 1072, 6, 0, 692, 2123, 52401
2.22, 54076, 16779, 17930, 294, 9, 3479, 38974, 52402
2.3, 55042, 9707, 10532, 127, 0, 2074, 22745, 52403
2.36, 44969, 16123, 17421, 279, 0, 6844, 38800, 52404
2.34, 54848, 10229, 11037, 123, 0, 2628, 24134, 52405
3.03, 114693, 2399, 2477, 0, 0, 102, 7275, 52411
2.31, 38982, 12492, 13597, 1405, 33, 5471, 29759, 52501
2.36, 50761, 420, 434, 0, 0, 31, 995, 52530
2.39, 44446, 2470, 2871, 4, 0, 646, 6072, 52531
2.57, 61047, 591, 608, 0, 0, 36, 1519, 52533
1.94, 19792, 68, 68, 0, 0, 29, 132, 52534
1.87, 41726, 387, 401, 0, 0, 93, 725, 52535
2.38, 52589, 351, 420, 0, 0, 84, 834, 52536
2.7, 48355, 2391, 2844, 14, 0, 476, 6650, 52537
2.42, 51375, 612, 668, 0, 0, 237, 1481, 52540
1.85, 27639, 135, 162, 0, 0, 36, 250, 52542
2.98, 73289, 200, 200, 14, 0, 69, 595, 52543
2.29, 34045, 3180, 3779, 16, 0, 1254, 7502, 52544
2.75, 35000, 32, 37, 0, 0, 30, 88, 52548
2.14, 33261, 268, 317, 0, 0, 107, 574, 52549
2.44, 27344, 238, 286, 2, 0, 89, 581, 52550
2.42, 48438, 260, 342, 21, 0, 67, 630, 52551
2.97, 55017, 365, 421, 0, 0, 331, 1083, 52552
2.38, 40366, 670, 738, 0, 0, 196, 1595, 52553
2.81, 41050, 583, 635, 0, 0, 341, 1639, 52554
2.47, 24911, 172, 182, 0, 0, 14, 424, 52555
2.2, 42792, 5114, 5791, 201, 0, 1696, 12341, 52556
na, na, 0, 0, 0, 0, 0, 86, 52557
2.55, 30625, 174, 193, 0, 0, 69, 444, 52560
2.63, 46094, 353, 368, 2, 1, 122, 927, 52561
2.35, 37337, 751, 795, 0, 0, 238, 1765, 52563
2.44, 41683, 796, 987, 0, 0, 334, 2082, 52565
1.67, 107083, 89, 94, 0, 0, 1, 149, 52566
2.31, 53306, 266, 275, 0, 0, 48, 614, 52567
1.89, 36111, 348, 439, 0, 0, 50, 659, 52569
2.85, 34545, 368, 492, 0, 0, 286, 1050, 52570
2.37, 43750, 627, 810, 2, 0, 209, 1489, 52571
2.59, 38021, 557, 632, 0, 0, 356, 1443, 52572
2.57, 52656, 56, 82, 0, 0, 0, 144, 52573
2.47, 31518, 369, 526, 0, 0, 176, 910, 52574
2.23, 38125, 209, 224, 0, 0, 19, 467, 52576
2.35, 42508, 6151, 6705, 147, 0, 2668, 14956, 52577
2.12, 39250, 223, 253, 0, 0, 16, 473, 52580
2.13, 43750, 200, 234, 0, 0, 30, 426, 52581
2.34, 25417, 183, 236, 0, 0, 103, 429, 52583
3.42, 56250, 177, 185, 1, 0, 82, 606, 52584
2.58, 49797, 389, 433, 0, 0, 56, 1002, 52585
2.12, 44034, 225, 248, 2, 0, 84, 477, 52586
2.75, 48438, 32, 41, 0, 0, 0, 88, 52588
2.6, 31842, 476, 571, 0, 0, 170, 1262, 52590
2.18, 39583, 1277, 1505, 0, 0, 268, 2903, 52591
2.92, 53125, 72, 75, 0, 0, 12, 210, 52593
2.25, 40893, 197, 222, 0, 0, 28, 444, 52594
2.79, 41500, 158, 168, 3, 0, 65, 481, 52595
2.31, 40980, 12561, 13888, 140, 0, 4788, 29642, 52601
2.69, 39375, 235, 235, 0, 0, 87, 631, 52619
2.27, 43073, 387, 444, 6, 0, 103, 880, 52620
2.29, 52250, 282, 313, 10, 0, 7, 647, 52621
2.57, 57500, 748, 777, 0, 0, 46, 1954, 52623
1.99, 56563, 69, 97, 0, 0, 22, 137, 52624
2.65, 52824, 1055, 1152, 5, 0, 168, 2916, 52625
2.46, 40417, 601, 708, 0, 0, 144, 1476, 52626
2.38, 40259, 5460, 6372, 169, 0, 1678, 13770, 52627
2.66, 37250, 218, 270, 0, 0, 127, 579, 52630
2.48, 36641, 4984, 5852, 45, 0, 2525, 12675, 52632
2.68, 45871, 367, 382, 0, 0, 129, 982, 52635
2.26, 47250, 1203, 1275, 0, 0, 179, 2781, 52637
2.36, 56683, 163, 174, 0, 0, 30, 410, 52638
2.58, 46076, 735, 916, 5, 0, 353, 2090, 52639
2.71, 53586, 615, 682, 33, 0, 255, 1706, 52640
2.46, 45219, 4595, 4980, 286, 0, 1831, 12129, 52641
3.41, 69125, 147, 179, 6, 0, 92, 501, 52644
2.37, 42188, 1170, 1263, 42, 0, 350, 2809, 52645
2.7, 50341, 141, 202, 0, 0, 60, 380, 52646
2.47, 54000, 98, 102, 0, 0, 4, 242, 52647
2.62, 39156, 395, 414, 0, 0, 136, 1034, 52649
2.33, 68507, 335, 335, 10, 0, 0, 782, 52650
2.82, 36146, 295, 307, 0, 0, 193, 833, 52651
2.58, 50029, 1384, 1727, 106, 0, 249, 3670, 52653
2.58, 38984, 675, 729, 0, 0, 456, 1780, 52654
2.25, 42941, 1828, 1890, 57, 0, 496, 4211, 52655
2.31, 57558, 928, 995, 0, 0, 91, 2183, 52656
2.25, 45000, 20, 20, 0, 0, 0, 45, 52657
2.51, 66484, 354, 416, 0, 0, 36, 888, 52658
3, 48571, 596, 680, 3, 0, 322, 1826, 52659
2.7, 38173, 53, 65, 0, 0, 0, 143, 52660
2.83, 60417, 41, 47, 0, 0, 1, 116, 52701
2.64, 52500, 396, 454, 26, 0, 106, 1067, 52720
2.5, 50500, 318, 386, 0, 0, 88, 794, 52721
2.48, 69577, 13858, 14471, 190, 0, 1946, 34462, 52722
2.51, 73650, 1539, 1609, 3, 0, 107, 3860, 52726
3.28, 82813, 174, 174, 0, 0, 0, 571, 52727
2.16, 45298, 375, 412, 4, 0, 27, 810, 52728
2.42, 56648, 315, 364, 6, 0, 31, 763, 52729
2.39, 51107, 2033, 2221, 0, 0, 426, 4860, 52730
2.39, 46667, 236, 269, 19, 0, 39, 613, 52731
2.4, 43240, 11649, 12809, 284, 24, 4284, 28621, 52732
2.23, 37917, 119, 127, 57, 0, 14, 265, 52737
2.85, 53015, 1205, 1357, 587, 0, 558, 3476, 52738
3.38, 55000, 290, 332, 117, 0, 227, 1065, 52739
2.45, 58814, 3075, 3199, 0, 0, 519, 7565, 52742
2.33, 42500, 212, 226, 3, 0, 89, 494, 52745
2.34, 65833, 428, 483, 0, 0, 64, 1002, 52746
2.35, 51688, 861, 889, 3, 0, 240, 2034, 52747
2.59, 65755, 3223, 3273, 29, 0, 408, 8365, 52748
3.25, 71528, 438, 442, 7, 0, 114, 1424, 52749
2.44, 68508, 225, 317, 0, 0, 0, 550, 52750
2.62, 49091, 386, 445, 0, 0, 75, 1010, 52751
2.8, 46607, 191, 199, 20, 0, 52, 535, 52752
2.45, 77366, 2121, 2235, 0, 0, 54, 5205, 52753
2.66, 54408, 517, 620, 0, 0, 23, 1375, 52754
2.51, 62891, 741, 804, 28, 0, 100, 1881, 52755
2.77, 76938, 878, 941, 0, 0, 87, 2442, 52756
2.01, 53750, 95, 104, 0, 0, 2, 191, 52757
2.56, 55278, 86, 86, 0, 0, 0, 220, 52758
2.31, 78403, 169, 169, 0, 0, 0, 390, 52760
2.5, 48869, 11979, 13162, 975, 43, 4623, 30328, 52761
2.87, 82813, 123, 123, 2, 0, 3, 353, 52765
2.69, 45375, 313, 367, 9, 0, 122, 843, 52766
2.18, 28929, 94, 129, 0, 0, 0, 248, 52767
2.34, 53491, 547, 557, 0, 0, 44, 1280, 52768
2.43, 62813, 351, 351, 0, 0, 73, 853, 52769
2.41, 52827, 2153, 2244, 33, 0, 529, 5294, 52772
2.4, 62529, 977, 1086, 0, 0, 89, 2347, 52773
3.04, 63125, 45, 45, 0, 0, 32, 137, 52774
2.85, 49750, 1582, 1627, 645, 0, 510, 4566, 52776
2.43, 52727, 558, 614, 0, 0, 110, 1394, 52777
2.46, 59745, 1611, 1769, 33, 0, 320, 3983, 52778
1.22, 12936, 713, 876, 14, 0, 381, 1233, 52801
2.54, 33002, 3944, 4353, 556, 0, 2286, 10156, 52802
2.37, 40418, 9337, 10669, 428, 0, 5127, 23020, 52803
2.45, 44302, 11002, 11679, 332, 0, 4040, 28006, 52804
2.41, 49888, 11038, 11804, 173, 0, 3907, 27019, 52806
2.15, 51612, 5984, 6453, 73, 0, 1823, 12904, 52807
